0.jpg,O
1.jpg,F
2.jpg,t
3.jpg,5
4.jpg,u
5.jpg,Q
6.jpg,l
7.jpg,3
8.jpg,P
9.jpg,o
10.jpg,g
11.jpg,e
12.jpg,p
13.jpg,m
14.jpg,N
15.jpg,f
16.jpg,q
17.jpg,Z
18.jpg,u
19.jpg,8
20.jpg,e
21.jpg,b
22.jpg,S
23.jpg,h
24.jpg,M
25.jpg,N
26.jpg,5
27.jpg,J
28.jpg,V
29.jpg,y
30.jpg,m
31.jpg,2
32.jpg,A
33.jpg,C
34.jpg,y
35.jpg,D
36.jpg,N
37.jpg,S
38.jpg,1
39.jpg,H
40.jpg,U
41.jpg,D
42.jpg,J
43.jpg,y
44.jpg,S
45.jpg,e
46.jpg,2
47.jpg,d
48.jpg,L
49.jpg,r
50.jpg,1
51.jpg,c
52.jpg,4
53.jpg,U
54.jpg,y
55.jpg,1
56.jpg,6
57.jpg,M
58.jpg,8
59.jpg,Q
60.jpg,U
61.jpg,x
62.jpg,Z
63.jpg,Z
64.jpg,L
65.jpg,U
66.jpg,H
67.jpg,Z
68.jpg,8
69.jpg,x
70.jpg,d
71.jpg,K
72.jpg,T
73.jpg,8
74.jpg,C
75.jpg,z
76.jpg,X
77.jpg,c
78.jpg,h
79.jpg,b
80.jpg,N
81.jpg,t
82.jpg,c
83.jpg,n
84.jpg,T
85.jpg,5
86.jpg,R
87.jpg,6
88.jpg,M
89.jpg,M
90.jpg,S
91.jpg,1
92.jpg,v
93.jpg,f
94.jpg,B
95.jpg,m
96.jpg,O
97.jpg,s
98.jpg,n
99.jpg,v
100.jpg,6
101.jpg,3
102.jpg,i
103.jpg,F
104.jpg,g
105.jpg,0
106.jpg,d
107.jpg,L
108.jpg,1
109.jpg,O
110.jpg,6
111.jpg,P
112.jpg,D
113.jpg,a
114.jpg,b
115.jpg,t
116.jpg,0
117.jpg,p
118.jpg,c
119.jpg,L
120.jpg,D
121.jpg,R
122.jpg,r
123.jpg,w
124.jpg,A
125.jpg,W
126.jpg,q
127.jpg,t
128.jpg,P
129.jpg,z
130.jpg,Q
131.jpg,k
132.jpg,4
133.jpg,m
134.jpg,Z
135.jpg,J
136.jpg,h
137.jpg,H
138.jpg,3
139.jpg,7
140.jpg,K
141.jpg,b
142.jpg,W
143.jpg,N
144.jpg,v
145.jpg,h
146.jpg,X
147.jpg,H
148.jpg,U
149.jpg,A
150.jpg,k
151.jpg,6
152.jpg,X
153.jpg,3
154.jpg,k
155.jpg,d
156.jpg,p
157.jpg,5
158.jpg,n
159.jpg,B
160.jpg,j
161.jpg,U
162.jpg,i
163.jpg,u
164.jpg,F
165.jpg,x
166.jpg,j
167.jpg,6
168.jpg,n
169.jpg,U
170.jpg,i
171.jpg,m
172.jpg,z
173.jpg,k
174.jpg,X
175.jpg,7
176.jpg,j
177.jpg,M
178.jpg,1
179.jpg,h
180.jpg,q
181.jpg,7
182.jpg,z
183.jpg,J
184.jpg,b
185.jpg,b
186.jpg,t
187.jpg,u
188.jpg,8
189.jpg,4
190.jpg,3
191.jpg,2
192.jpg,O
193.jpg,2
194.jpg,0
195.jpg,d
196.jpg,Y
197.jpg,I
198.jpg,n
199.jpg,B
200.jpg,K
201.jpg,J
202.jpg,b
203.jpg,0
204.jpg,P
205.jpg,A
206.jpg,1
207.jpg,J
208.jpg,b
209.jpg,b
210.jpg,2
211.jpg,b
212.jpg,Q
213.jpg,8
214.jpg,h
215.jpg,n
216.jpg,X
217.jpg,o
218.jpg,B
219.jpg,n
220.jpg,N
221.jpg,t
222.jpg,B
223.jpg,T
224.jpg,z
225.jpg,3
226.jpg,T
227.jpg,z
228.jpg,C
229.jpg,a
230.jpg,1
231.jpg,l
232.jpg,K
233.jpg,y
234.jpg,U
235.jpg,2
236.jpg,j
237.jpg,J
238.jpg,n
239.jpg,S
240.jpg,Z
241.jpg,L
242.jpg,I
243.jpg,c
244.jpg,U
245.jpg,h
246.jpg,u
247.jpg,7
248.jpg,P
249.jpg,f
250.jpg,6
251.jpg,y
252.jpg,s
253.jpg,K
254.jpg,C
255.jpg,E
256.jpg,r
257.jpg,j
258.jpg,d
259.jpg,T
260.jpg,1
261.jpg,9
262.jpg,u
263.jpg,m
264.jpg,N
265.jpg,M
266.jpg,y
267.jpg,v
268.jpg,c
269.jpg,B
270.jpg,d
271.jpg,l
272.jpg,w
273.jpg,l
274.jpg,F
275.jpg,F
276.jpg,q
277.jpg,5
278.jpg,d
279.jpg,K
280.jpg,t
281.jpg,I
282.jpg,h
283.jpg,6
284.jpg,R
285.jpg,R
286.jpg,O
287.jpg,y
288.jpg,5
289.jpg,o
290.jpg,R
291.jpg,J
292.jpg,M
293.jpg,Z
294.jpg,k
295.jpg,s
296.jpg,2
297.jpg,4
298.jpg,A
299.jpg,u
300.jpg,m
301.jpg,v
302.jpg,I
303.jpg,8
304.jpg,W
305.jpg,N
306.jpg,Y
307.jpg,1
308.jpg,I
309.jpg,D
310.jpg,T
311.jpg,p
312.jpg,x
313.jpg,v
314.jpg,v
315.jpg,M
316.jpg,2
317.jpg,g
318.jpg,Z
319.jpg,Y
320.jpg,x
321.jpg,2
322.jpg,H
323.jpg,H
324.jpg,h
325.jpg,o
326.jpg,X
327.jpg,W
328.jpg,K
329.jpg,L
330.jpg,m
331.jpg,Z
332.jpg,d
333.jpg,P
334.jpg,9
335.jpg,5
336.jpg,U
337.jpg,L
338.jpg,5
339.jpg,N
340.jpg,D
341.jpg,1
342.jpg,i
343.jpg,A
344.jpg,1
345.jpg,R
346.jpg,i
347.jpg,f
348.jpg,E
349.jpg,b
350.jpg,D
351.jpg,4
352.jpg,1
353.jpg,C
354.jpg,D
355.jpg,Y
356.jpg,X
357.jpg,L
358.jpg,u
359.jpg,O
360.jpg,6
361.jpg,6
362.jpg,R
363.jpg,q
364.jpg,Z
365.jpg,h
366.jpg,z
367.jpg,X
368.jpg,J
369.jpg,m
370.jpg,9
371.jpg,H
372.jpg,T
373.jpg,u
374.jpg,x
375.jpg,Z
376.jpg,z
377.jpg,z
378.jpg,T
379.jpg,B
380.jpg,p
381.jpg,i
382.jpg,C
383.jpg,O
384.jpg,o
385.jpg,C
386.jpg,c
387.jpg,W
388.jpg,7
389.jpg,J
390.jpg,5
391.jpg,X
392.jpg,O
393.jpg,C
394.jpg,H
395.jpg,Q
396.jpg,e
397.jpg,V
398.jpg,h
399.jpg,P
400.jpg,G
401.jpg,u
402.jpg,6
403.jpg,P
404.jpg,D
405.jpg,K
406.jpg,P
407.jpg,v
408.jpg,R
409.jpg,w
410.jpg,a
411.jpg,S
412.jpg,k
413.jpg,T
414.jpg,6
415.jpg,X
416.jpg,q
417.jpg,r
418.jpg,2
419.jpg,0
420.jpg,4
421.jpg,u
422.jpg,C
423.jpg,5
424.jpg,k
425.jpg,X
426.jpg,y
427.jpg,n
428.jpg,t
429.jpg,U
430.jpg,K
431.jpg,G
432.jpg,W
433.jpg,2
434.jpg,n
435.jpg,s
436.jpg,Z
437.jpg,3
438.jpg,Z
439.jpg,t
440.jpg,P
441.jpg,y
442.jpg,M
443.jpg,8
444.jpg,y
445.jpg,I
446.jpg,6
447.jpg,2
448.jpg,P
449.jpg,U
450.jpg,T
451.jpg,6
452.jpg,R
453.jpg,k
454.jpg,J
455.jpg,o
456.jpg,m
457.jpg,c
458.jpg,L
459.jpg,Z
460.jpg,m
461.jpg,a
462.jpg,l
463.jpg,K
464.jpg,9
465.jpg,X
466.jpg,N
467.jpg,N
468.jpg,P
469.jpg,r
470.jpg,U
471.jpg,W
472.jpg,G
473.jpg,9
474.jpg,K
475.jpg,t
476.jpg,Z
477.jpg,i
478.jpg,N
479.jpg,R
480.jpg,3
481.jpg,X
482.jpg,h
483.jpg,o
484.jpg,V
485.jpg,U
486.jpg,t
487.jpg,q
488.jpg,N
489.jpg,5
490.jpg,J
491.jpg,1
492.jpg,b
493.jpg,o
494.jpg,f
495.jpg,7
496.jpg,Q
497.jpg,U
498.jpg,u
499.jpg,g
500.jpg,x
501.jpg,J
502.jpg,P
503.jpg,L
504.jpg,N
505.jpg,J
506.jpg,a
507.jpg,8
508.jpg,5
509.jpg,Q
510.jpg,c
511.jpg,J
512.jpg,y
513.jpg,h
514.jpg,7
515.jpg,v
516.jpg,g
517.jpg,5
518.jpg,V
519.jpg,h
520.jpg,E
521.jpg,k
522.jpg,K
523.jpg,f
524.jpg,9
525.jpg,N
526.jpg,o
527.jpg,P
528.jpg,f
529.jpg,R
530.jpg,b
531.jpg,y
532.jpg,H
533.jpg,l
534.jpg,5
535.jpg,W
536.jpg,D
537.jpg,w
538.jpg,5
539.jpg,l
540.jpg,R
541.jpg,b
542.jpg,a
543.jpg,x
544.jpg,D
545.jpg,l
546.jpg,7
547.jpg,S
548.jpg,z
549.jpg,S
550.jpg,T
551.jpg,6
552.jpg,k
553.jpg,k
554.jpg,P
555.jpg,V
556.jpg,6
557.jpg,d
558.jpg,o
559.jpg,q
560.jpg,K
561.jpg,6
562.jpg,p
563.jpg,l
564.jpg,R
565.jpg,l
566.jpg,h
567.jpg,P
568.jpg,T
569.jpg,e
570.jpg,c
571.jpg,r
572.jpg,Q
573.jpg,J
574.jpg,6
575.jpg,j
576.jpg,e
577.jpg,c
578.jpg,W
579.jpg,a
580.jpg,m
581.jpg,U
582.jpg,t
583.jpg,P
584.jpg,H
585.jpg,W
586.jpg,J
587.jpg,K
588.jpg,w
589.jpg,8
590.jpg,6
591.jpg,m
592.jpg,N
593.jpg,a
594.jpg,V
595.jpg,F
596.jpg,9
597.jpg,R
598.jpg,g
599.jpg,i
600.jpg,t
601.jpg,Q
602.jpg,o
603.jpg,m
604.jpg,5
605.jpg,S
606.jpg,R
607.jpg,U
608.jpg,6
609.jpg,O
610.jpg,3
611.jpg,t
612.jpg,b
613.jpg,s
614.jpg,J
615.jpg,b
616.jpg,K
617.jpg,W
618.jpg,r
619.jpg,u
620.jpg,t
621.jpg,O
622.jpg,z
623.jpg,j
624.jpg,D
625.jpg,s
626.jpg,T
627.jpg,G
628.jpg,b
629.jpg,x
630.jpg,2
631.jpg,a
632.jpg,M
633.jpg,l
634.jpg,z
635.jpg,S
636.jpg,S
637.jpg,G
638.jpg,6
639.jpg,C
640.jpg,V
641.jpg,g
642.jpg,5
643.jpg,H
644.jpg,7
645.jpg,M
646.jpg,6
647.jpg,m
648.jpg,N
649.jpg,s
650.jpg,6
651.jpg,k
652.jpg,r
653.jpg,g
654.jpg,O
655.jpg,6
656.jpg,Y
657.jpg,d
658.jpg,B
659.jpg,m
660.jpg,v
661.jpg,t
662.jpg,9
663.jpg,q
664.jpg,H
665.jpg,O
666.jpg,N
667.jpg,O
668.jpg,G
669.jpg,R
670.jpg,B
671.jpg,x
672.jpg,J
673.jpg,h
674.jpg,5
675.jpg,w
676.jpg,g
677.jpg,X
678.jpg,U
679.jpg,F
680.jpg,C
681.jpg,F
682.jpg,1
683.jpg,1
684.jpg,j
685.jpg,s
686.jpg,U
687.jpg,r
688.jpg,I
689.jpg,k
690.jpg,v
691.jpg,Q
692.jpg,D
693.jpg,W
694.jpg,Q
695.jpg,S
696.jpg,y
697.jpg,d
698.jpg,r
699.jpg,X
700.jpg,x
701.jpg,e
702.jpg,a
703.jpg,G
704.jpg,S
705.jpg,v
706.jpg,4
707.jpg,E
708.jpg,L
709.jpg,h
710.jpg,g
711.jpg,t
712.jpg,T
713.jpg,Z
714.jpg,2
715.jpg,6
716.jpg,k
717.jpg,v
718.jpg,Q
719.jpg,o
720.jpg,T
721.jpg,b
722.jpg,Q
723.jpg,S
724.jpg,O
725.jpg,R
726.jpg,3
727.jpg,P
728.jpg,n
729.jpg,D
730.jpg,W
731.jpg,8
732.jpg,O
733.jpg,e
734.jpg,f
735.jpg,e
736.jpg,z
737.jpg,V
738.jpg,V
739.jpg,f
740.jpg,2
741.jpg,3
742.jpg,0
743.jpg,z
744.jpg,K
745.jpg,g
746.jpg,G
747.jpg,M
748.jpg,R
749.jpg,y
750.jpg,f
751.jpg,H
752.jpg,X
753.jpg,n
754.jpg,L
755.jpg,x
756.jpg,K
757.jpg,Z
758.jpg,q
759.jpg,i
760.jpg,K
761.jpg,P
762.jpg,0
763.jpg,S
764.jpg,Z
765.jpg,K
766.jpg,s
767.jpg,t
768.jpg,f
769.jpg,0
770.jpg,L
771.jpg,J
772.jpg,Z
773.jpg,h
774.jpg,E
775.jpg,O
776.jpg,X
777.jpg,l
778.jpg,P
779.jpg,d
780.jpg,o
781.jpg,4
782.jpg,9
783.jpg,X
784.jpg,t
785.jpg,w
786.jpg,e
787.jpg,W
788.jpg,0
789.jpg,Y
790.jpg,O
791.jpg,D
792.jpg,u
793.jpg,6
794.jpg,X
795.jpg,Z
796.jpg,Q
797.jpg,n
798.jpg,o
799.jpg,X
800.jpg,l
801.jpg,7
802.jpg,D
803.jpg,A
804.jpg,s
805.jpg,N
806.jpg,1
807.jpg,E
808.jpg,b
809.jpg,k
810.jpg,C
811.jpg,u
812.jpg,r
813.jpg,b
814.jpg,P
815.jpg,I
816.jpg,k
817.jpg,B
818.jpg,U
819.jpg,2
820.jpg,j
821.jpg,E
822.jpg,o
823.jpg,H
824.jpg,D
825.jpg,d
826.jpg,H
827.jpg,A
828.jpg,w
829.jpg,4
830.jpg,q
831.jpg,1
832.jpg,W
833.jpg,s
834.jpg,2
835.jpg,D
836.jpg,x
837.jpg,p
838.jpg,k
839.jpg,u
840.jpg,y
841.jpg,P
842.jpg,R
843.jpg,X
844.jpg,s
845.jpg,l
846.jpg,I
847.jpg,E
848.jpg,D
849.jpg,g
850.jpg,e
851.jpg,O
852.jpg,J
853.jpg,A
854.jpg,n
855.jpg,x
856.jpg,a
857.jpg,4
858.jpg,x
859.jpg,A
860.jpg,v
861.jpg,t
862.jpg,V
863.jpg,a
864.jpg,l
865.jpg,3
866.jpg,b
867.jpg,L
868.jpg,H
869.jpg,q
870.jpg,9
871.jpg,v
872.jpg,Q
873.jpg,a
874.jpg,x
875.jpg,t
876.jpg,Q
877.jpg,J
878.jpg,1
879.jpg,V
880.jpg,t
881.jpg,G
882.jpg,4
883.jpg,p
884.jpg,5
885.jpg,8
886.jpg,j
887.jpg,W
888.jpg,f
889.jpg,Z
890.jpg,N
891.jpg,R
892.jpg,h
893.jpg,q
894.jpg,c
895.jpg,w
896.jpg,A
897.jpg,v
898.jpg,r
899.jpg,v
900.jpg,o
901.jpg,l
902.jpg,p
903.jpg,4
904.jpg,y
905.jpg,e
906.jpg,m
907.jpg,M
908.jpg,0
909.jpg,c
910.jpg,i
911.jpg,3
912.jpg,I
913.jpg,U
914.jpg,f
915.jpg,J
916.jpg,T
917.jpg,I
918.jpg,M
919.jpg,5
920.jpg,U
921.jpg,b
922.jpg,q
923.jpg,s
924.jpg,y
925.jpg,o
926.jpg,N
927.jpg,N
928.jpg,p
929.jpg,u
930.jpg,T
931.jpg,a
932.jpg,E
933.jpg,P
934.jpg,o
935.jpg,d
936.jpg,7
937.jpg,K
938.jpg,L
939.jpg,2
940.jpg,z
941.jpg,U
942.jpg,a
943.jpg,F
944.jpg,8
945.jpg,l
946.jpg,v
947.jpg,D
948.jpg,6
949.jpg,3
950.jpg,7
951.jpg,6
952.jpg,6
953.jpg,m
954.jpg,Y
955.jpg,k
956.jpg,a
957.jpg,3
958.jpg,7
959.jpg,U
960.jpg,G
961.jpg,z
962.jpg,L
963.jpg,j
964.jpg,C
965.jpg,m
966.jpg,F
967.jpg,c
968.jpg,O
969.jpg,y
970.jpg,P
971.jpg,z
972.jpg,l
973.jpg,A
974.jpg,h
975.jpg,t
976.jpg,G
977.jpg,q
978.jpg,j
979.jpg,R
980.jpg,H
981.jpg,s
982.jpg,C
983.jpg,N
984.jpg,v
985.jpg,L
986.jpg,d
987.jpg,c
988.jpg,z
989.jpg,B
990.jpg,0
991.jpg,4
992.jpg,8
993.jpg,i
994.jpg,l
995.jpg,D
996.jpg,J
997.jpg,R
998.jpg,H
999.jpg,J